{
    "@import": "./element.php",
    "name": "yooessentials_form_input",
    "title": "Input",
    "group": "Form Essentials",
    "icon": "${url:~yooessentials_url/modules/form-elements/form_input/icon.svg}",
    "iconSmall": "${url:~yooessentials_url/modules/form-elements/form_input/icon.svg}",
    "element": true,
    "container": true,
    "width": 500,
    "defaults": {
        "show_label": true,
        "show_icon": true,
        "control_icon_align": "left",
        "grid_column_gap": "small",
        "grid_row_gap": "small",
        "margin": "default",
        "grid_columns_number": "auto"
    },
    "placeholder": {
        "children": [
            {
                "type": "yooessentials_form_input_text"
            }
        ]
    },
    "templates": {
        "render": "./templates/template.php"
    },
    "fields": {
        "fields": {
            "label": "Fields",
            "type": "yooessentials-content-items",
            "button": "Add Field",
            "title": "control_name",
            "txtEmpty": "No Fields Yet",
            "icon": true,
            "modalTitle": "Fields",
            "filter": {
                "name": "yooessentials_form_input_(.*)"
            }
        },
        "control_width": {
            "label": "Width",
            "description": "The field width size.",
            "type": "select",
            "options": {
                "Default": "",
                "Large": "large",
                "Medium": "medium",
                "Small": "small",
                "XSmall": "xsmall"
            },
            "enable": "!fullwidth"
        },
        "fullwidth": {
            "type": "checkbox",
            "text": "Full width field"
        },
        "grid_columns_number": {
            "label": "Number of Columns",
            "description": "Set the number of grid columns for multiple inputs.",
            "type": "select",
            "options": {
                "Auto": "auto",
                "1": "1-1@m",
                "2": "1-2@m",
                "3": "1-3@m",
                "4": "1-4@m",
                "5": "1-5@m"
            },
            "enable": "!fullwidth"
        },
        "grid_column_gap": {
            "label": "Column Gap",
            "description": "Set the size of the column gap between multiple inputs.",
            "type": "select",
            "options": {
                "Small": "small",
                "Medium": "medium",
                "Default": "",
                "Large": "large"
            }
        },
        "grid_row_gap": {
            "label": "Row Gap",
            "description": "Set the size of the row gap between multiple inputs.",
            "type": "select",
            "options": {
                "Small": "small",
                "Medium": "medium",
                "Default": "",
                "Large": "large"
            }
        },
        "show_label": {
            "label": "Display",
            "type": "checkbox",
            "text": "Show the label"
        },
        "show_icon": {
            "type": "checkbox",
            "text": "Show the icon"
        },
        "control_size": "${yooessentials.form.fields.control_size}",
        "control_icon": "${yooessentials.form.fields.control_icon}",
        "control_icon_align": "${yooessentials.form.fields.control_icon_align}",
        "position": "${builder.position}",
        "position_left": "${builder.position_left}",
        "position_right": "${builder.position_right}",
        "position_top": "${builder.position_top}",
        "position_bottom": "${builder.position_bottom}",
        "position_z_index": "${builder.position_z_index}",
        "margin": "${builder.margin}",
        "margin_remove_top": "${builder.margin_remove_top}",
        "margin_remove_bottom": "${builder.margin_remove_bottom}",
        "maxwidth": "${builder.maxwidth}",
        "maxwidth_breakpoint": "${builder.maxwidth_breakpoint}",
        "block_align": "${builder.block_align}",
        "block_align_breakpoint": "${builder.block_align_breakpoint}",
        "block_align_fallback": "${builder.block_align_fallback}",
        "text_align": "${builder.text_align}",
        "text_align_breakpoint": "${builder.text_align_breakpoint}",
        "text_align_fallback": "${builder.text_align_fallback}",
        "animation": "${builder.animation}",
        "_parallax_button": "${builder._parallax_button}",
        "visibility": "${builder.visibility}",
        "name": "${builder.name}",
        "status": "${builder.status}",
        "id": "${builder.id}",
        "class": "${builder.cls}",
        "attributes": "${builder.attrs}",
        "source": "${builder.source}",
        "transform": "${builder.transform}",
        "css": {
            "label": "CSS",
            "description": "Enter your own custom CSS. The following selectors will be prefixed automatically for this element: <code>.el-element</code>, <code>.el-link</code>",
            "type": "editor",
            "editor": "code",
            "mode": "css",
            "attrs": {
                "debounce": 500
            }
        }
    },
    "fieldset": {
        "default": {
            "type": "tabs",
            "fields": [
                {
                    "title": "Content",
                    "fields": [
                        "fields",
                        "show_label",
                        "show_icon"
                    ]
                },
                {
                    "title": "Settings",
                    "fields": [
                        {
                            "label": "Field",
                            "type": "group",
                            "divider": true,
                            "fields": [
                                "control_size",
                                "control_width",
                                "fullwidth",
                                "control_icon",
                                "control_icon_align"
                            ]
                        },
                        {
                            "label": "Columns",
                            "type": "group",
                            "divider": true,
                            "fields": [
                                "grid_columns_number",
                                "grid_column_gap",
                                "grid_row_gap"
                            ]
                        },
                        {
                            "label": "General",
                            "type": "group",
                            "fields": [
                                "position",
                                "position_left",
                                "position_right",
                                "position_top",
                                "position_bottom",
                                "position_z_index",
                                "margin",
                                "margin_remove_top",
                                "margin_remove_bottom",
                                "maxwidth",
                                "maxwidth_breakpoint",
                                "block_align",
                                "block_align_breakpoint",
                                "block_align_fallback",
                                "text_align",
                                "text_align_breakpoint",
                                "text_align_fallback",
                                "animation",
                                "_parallax_button",
                                "visibility"
                            ]
                        }
                    ]
                },
                "${builder.advanced}"
            ]
        }
    }
}