{
    "name": "ftp",
    "title": "FTP",
    "description": "FTP protocol.",
    "icon": "${url:~yooessentials_url/modules/core-storage-adapters/FTP/icon.svg}",
    "collection": "FTP",
    "collectionDescription": "Create a storage from a remote server using a S/FTP protocol.",
    "endpoints": {
        "presave": "yooessentials/storage/adapter/presave"
    },
    "fields": {
        "name": {
            "label": "Name",
            "description": "A name to identify this storage.",
            "attrs": {
                "autofocus": true
            }
        },
        "_host": {
            "type": "grid",
            "width": "1-2",
            "fields": {
                "host": {
                    "label": "Host",
                    "type": "text"
                },
                "port": {
                    "label": "Port",
                    "type": "text",
                    "attrs": {
                        "placeholder": "21"
                    }
                }
            }
        },
        "_creds": {
            "description": "The Host, Port and credentials for establishing the connection.",
            "type": "grid",
            "width": "1-2",
            "fields": {
                "username": {
                    "label": "Username",
                    "type": "text"
                },
                "password": {
                    "label": "Password",
                    "type": "yooessentials-secret",
                    "encrypt": true
                }
            }
        },
        "root": {
            "label": "Root",
            "type": "text",
            "attrs": {
                "placeholder": "/"
            },
            "description": "The remote path that will be used as the storage root."
        },
        "writable": {
            "label": "Write Permission",
            "text": "Grant write permissions for this storage.",
            "type": "checkbox"
        },
        "_advanced": {
            "label": "Advanced",
            "type": "group",
            "fields": {
                "passive": {
                    "text": "Passive",
                    "type": "checkbox",
                    "default": true,
                    "label": "Enable Passive Mode"
                },
                "ssl": {
                    "text": "SSL",
                    "type": "checkbox",
                    "default": false,
                    "label": "Use SSL"
                },
                "utf8": {
                    "text": "UTF8",
                    "type": "checkbox",
                    "default": false,
                    "label": "UTF8 Filesystem"
                },
                "ignore_passive_address": {
                    "text": "Ignore Passive Address",
                    "type": "checkbox",
                    "label": "Ignore Passive Address"
                }
            }
        }
    }
}
