{
    "@import": "./element.php",
    "name": "yooessentials_form_frcaptcha",
    "title": "Friendly Captcha",
    "group": "Form Essentials",
    "icon": "${url:~yooessentials_url/modules/form-elements/form_frcaptcha/icon.svg}",
    "iconSmall": "${url:~yooessentials_url/modules/form-elements/form_frcaptcha/icon.svg}",
    "width": 500,
    "element": true,
    "submittable": true,
    "placeholder": {},
    "templates": {
        "render": "./templates/template.php"
    },
    "defaults": {
        "control_endpoint": "global"
    },
    "fields": {
        "control_site_key": {
            "label": "Site Key",
            "type": "text"
        },
        "control_secret_key": {
            "label": "API Key",
            "type": "text"
        },
        "control_endpoint": {
            "label": "Endpoint",
            "description": "Choose the primary endpoint for the puzzles and verification requests. Note that this feature requires a FriendlyCaptcha premium plan and be specifically enabled in it App configuration.",
            "source": true,
            "type": "select",
            "options": {
                "Global": "global",
                "EU": "eu"
            }
        },
        "control_language": {
            "label": "Language",
            "description": "Set the language for the Captcha, defaults to the site language.",
            "source": true,
            "type": "data-list",
            "options": {
                "English": "en",
                "French": "fr",
                "German": "de",
                "Italian": "it",
                "Dutch": "nl",
                "Portuguese": "pt",
                "Spanish": "es",
                "Catalan": "ca",
                "Danish": "da",
                "Japanese": "ja",
                "Russian": "ru",
                "Swedish": "sv",
                "Greek": "el",
                "Ukrainian": "uk",
                "Bulgarian": "bg",
                "Czech": "cs",
                "Slovak": "sk",
                "Norwegian": "no",
                "Finnish": "fi",
                "Latvian": "lv",
                "Lithuanian": "lt",
                "Polish": "pl",
                "Estonian": "et",
                "Croatian": "hr",
                "Serbian": "sr",
                "Slovenian": "sl",
                "Hungarian": "hu",
                "Romanian": "ro"
            }
        },
        "control_label": "${yooessentials.form.fields.control_label}",
        "control_error_message": "${yooessentials.form.fields.control_error_message}",
        "position": "${builder.position}",
        "position_left": "${builder.position_left}",
        "position_right": "${builder.position_right}",
        "position_top": "${builder.position_top}",
        "position_bottom": "${builder.position_bottom}",
        "position_z_index": "${builder.position_z_index}",
        "margin": "${builder.margin}",
        "margin_remove_top": "${builder.margin_remove_top}",
        "margin_remove_bottom": "${builder.margin_remove_bottom}",
        "maxwidth": "${builder.maxwidth}",
        "maxwidth_breakpoint": "${builder.maxwidth_breakpoint}",
        "block_align": "${builder.block_align}",
        "block_align_breakpoint": "${builder.block_align_breakpoint}",
        "block_align_fallback": "${builder.block_align_fallback}",
        "text_align": "${builder.text_align}",
        "text_align_breakpoint": "${builder.text_align_breakpoint}",
        "text_align_fallback": "${builder.text_align_fallback}",
        "animation": "${builder.animation}",
        "_parallax_button": "${builder._parallax_button}",
        "visibility": "${builder.visibility}",
        "name": "${builder.name}",
        "status": "${builder.status}",
        "id": "${builder.id}",
        "class": "${builder.cls}",
        "attributes": "${builder.attrs}",
        "source": "${builder.source}",
        "css": {
            "label": "CSS",
            "description": "Enter your own custom CSS. The following selectors will be prefixed automatically for this element: <code>.el-element</code>, <code>.el-link</code>",
            "type": "editor",
            "editor": "code",
            "mode": "css",
            "attrs": {
                "debounce": 500
            }
        }
    },
    "fieldset": {
        "default": {
            "type": "tabs",
            "fields": [
                {
                    "title": "Content",
                    "fields": [
                        {
                            "description": "Set the keys obtained from <a href=\"https://docs.friendlycaptcha.com/#/installation?id=_1-generating-a-sitekey\" target=\"_blank\">Friendly Captcha</a>.",
                            "name": "_captcha_keys",
                            "type": "grid",
                            "width": "1-2",
                            "fields": ["control_site_key", "control_secret_key"]
                        },
                        "control_label",
                        "control_endpoint",
                        "control_language",
                        "control_error_message"
                    ]
                },
                {
                    "title": "Settings",
                    "fields": [
                        {
                            "label": "General",
                            "type": "group",
                            "fields": [
                                "position",
                                "position_left",
                                "position_right",
                                "position_top",
                                "position_bottom",
                                "position_z_index",
                                "margin",
                                "margin_remove_top",
                                "margin_remove_bottom",
                                "maxwidth",
                                "maxwidth_breakpoint",
                                "block_align",
                                "block_align_breakpoint",
                                "block_align_fallback",
                                "text_align",
                                "text_align_breakpoint",
                                "text_align_fallback",
                                "animation",
                                "_parallax_button",
                                "visibility"
                            ]
                        }
                    ]
                },
                "${builder.advanced}"
            ]
        }
    }
}
