{
    "type": "oauth",
    "name": "facebook",
    "title": "Facebook",
    "description": "Facebook OAuth authentication",
    "accessTokenThreshold": "1 month",
    "icon": "${url:~yooessentials_url/modules/core-auth-drivers/Facebook/icon.svg}",
    "endpoints": {
        "oauth": "https://oauth.zoolanders.com/facebook",
        "presave": "yooessentials/auth/facebook"
    },
    "scopes": {
        "public_profile": "Public Profile",
        "instagram_basic": "Instagram Account Profile",
        "pages_show_list": "Pages Show List",
        "pages_read_engagement": "Pages Read Engagement",
        "pages_read_user_content": "Pages Read User Content",
        "business_management": "Business Management"
    },
    "fields": {
        "name": {
            "label": "Name",
            "description": "Optional name to identify this auth."
        },
        "_scopes": {
            "label": "Scopes",
            "type": "yooessentials-oauth-scopes",
            "description": "The scopes this auth has access to."
        },
        "_oauth_title": {
            "label": "Authentication",
            "type": "yooessentials-info"
        },
        "_oauth": {
            "type": "yooessentials-oauth-grant",
            "show": "!custom",
            "description": "Connect to a Facebook Account and grant the required scope access to our Auth App, you can revoke those anytime."
        },
        "custom": {
            "text": "Use Custom App",
            "type": "checkbox"
        },
        "custom_info": {
            "type": "yooessentials-info",
            "description": "Use a Custom App to make the authentication with.",
            "show": "custom"
        },
        "_custom": {
            "type": "fields",
            "show": "custom",
            "fields": {
                "accessToken": {
                    "label": "Access Token",
                    "type": "yooessentials-secret",
                    "encrypt": true
                }
            }
        }
    }
}
