{
    "@import": "./element.php",
    "name": "yooessentials_form_fieldset",
    "title": "Fieldset",
    "group": "Form Essentials",
    "icon": "${url:~yooessentials_url/modules/form-elements/form_fieldset/icon.svg}",
    "iconSmall": "${url:~yooessentials_url/modules/form-elements/form_fieldset/icon.svg}",
    "element": true,
    "container": true,
    "fragment": true,
    "width": 500,
    "defaults": {
        "margin": "default",
        "layout": "horizontal",
        "fields_show_label": true
    },
    "placeholder": {
        "children": [
            {
                "type": "yooessentials_form_input"
            },
            {
                "type": "yooessentials_form_textarea"
            }
        ]
    },
    "templates": {
        "render": "./templates/template.php"
    },
    "fields": {
        "content": {
            "type": "builder-fragment"
        },
        "caption": {
            "label": "Caption",
            "description": "The Fieldset Caption"
        },
        "layout": {
            "label": "Layout",
            "description": "Fields layout modifier",
            "type": "select",
            "options": {
                "Horizontal": "horizontal",
                "Stacked": "stacked"
            }
        },
        "fields_show_label": {
            "label": "Display",
            "type": "checkbox",
            "text": "Show fields label"
        },
        "position": "${builder.position}",
        "position_left": "${builder.position_left}",
        "position_right": "${builder.position_right}",
        "position_top": "${builder.position_top}",
        "position_bottom": "${builder.position_bottom}",
        "position_z_index": "${builder.position_z_index}",
        "margin": "${builder.margin}",
        "margin_remove_top": "${builder.margin_remove_top}",
        "margin_remove_bottom": "${builder.margin_remove_bottom}",
        "maxwidth": "${builder.maxwidth}",
        "maxwidth_breakpoint": "${builder.maxwidth_breakpoint}",
        "block_align": "${builder.block_align}",
        "block_align_breakpoint": "${builder.block_align_breakpoint}",
        "block_align_fallback": "${builder.block_align_fallback}",
        "text_align": "${builder.text_align}",
        "text_align_breakpoint": "${builder.text_align_breakpoint}",
        "text_align_fallback": "${builder.text_align_fallback}",
        "animation": "${builder.animation}",
        "_parallax_button": "${builder._parallax_button}",
        "visibility": "${builder.visibility}",
        "name": "${builder.name}",
        "status": "${builder.status}",
        "id": "${builder.id}",
        "class": "${builder.cls}",
        "attributes": "${builder.attrs}",
        "source": "${builder.source}",
        "transform": "${builder.transform}",
        "css": {
            "label": "CSS",
            "description": "Enter your own custom CSS. The following selectors will be prefixed automatically for this element: <code>.el-element</code>, <code>.el-link</code>",
            "type": "editor",
            "editor": "code",
            "mode": "css",
            "attrs": {
                "debounce": 500
            }
        }
    },
    "fieldset": {
        "default": {
            "type": "tabs",
            "fields": [
                {
                    "title": "Content",
                    "fields": [
                        "content",
                        "fields_show_label"
                    ]
                },
                {
                    "title": "Settings",
                    "fields": [
                        {
                            "label": "Fieldset",
                            "type": "group",
                            "divider": true,
                            "fields": [
                                "caption",
                                "layout"
                            ]
                        },
                        {
                            "label": "General",
                            "type": "group",
                            "fields": [
                                "position",
                                "position_left",
                                "position_right",
                                "position_top",
                                "position_bottom",
                                "position_z_index",
                                "margin",
                                "margin_remove_top",
                                "margin_remove_bottom",
                                "maxwidth",
                                "maxwidth_breakpoint",
                                "block_align",
                                "block_align_breakpoint",
                                "block_align_fallback",
                                "text_align",
                                "text_align_breakpoint",
                                "text_align_fallback",
                                "animation",
                                "_parallax_button",
                                "visibility"
                            ]
                        }
                    ]
                },
                "${builder.advanced}"
            ]
        }
    }
}