{
    "@import": "./element.php",
    "name": "yooessentials_form_option",
    "title": "Option",
    "width": 500,
    "defaults": {
        "disabled": false
    },
    "templates": {
        "render": "./templates/template.php",
        "content": "./templates/content.php"
    },
    "fields": {
        "value": {
            "label": "Value",
            "description": "The option value. It must be set and unique among its siblings.",
            "source": true
        },
        "text": {
            "label": "Text",
            "description": "The option text. Defaults to the option value if omitted.",
            "type": "editor",
            "source": true
        },
        "id": {
            "label": "ID",
            "description": "The option ID attribute, only appliable for Checkbox and Radio. Overrides any ID set in the parent element.",
            "source": true
        },
        "disabled": {
            "label": "State",
            "description": "The option state. A disabled option is unusable and un-clickable.",
            "type": "select",
            "options": {
                "Enabled": false,
                "Disabled": true
            },
            "source": true
        },
        "attributes": "${yooessentials.form.fields.control_attrs}",
        "status": "${builder.statusItem}",
        "source": "${builder.source}"
    },
    "fieldset": {
        "default": {
            "type": "tabs",
            "fields": [
                {
                    "title": "Content",
                    "fields": ["value", "text", "disabled", "id", "attributes"]
                },
                "${builder.advancedItem}"
            ]
        }
    }
}
