{
    "@import": "./element.php",
    "name": "yooessentials_form_recaptcha",
    "title": "reCAPTCHA",
    "group": "Form Essentials",
    "icon": "${url:~yooessentials_url/modules/form-elements/form_recaptcha/icon.svg}",
    "iconSmall": "${url:~yooessentials_url/modules/form-elements/form_recaptcha/icon.svg}",
    "width": 500,
    "element": true,
    "submittable": true,
    "defaults": {
        "margin": "default",
        "control_type": "v2-checkbox",
        "recaptcha_version": "v2",
        "control_theme": "light",
        "control_size": "normal",
        "control_action": "yoothemepro_form_submit",
        "control_badge_position": "bottomright",
        "control_threshold": "0.5"
    },
    "placeholder": {},
    "templates": {
        "render": "./templates/template.php"
    },
    "fields": {
        "control_type": {
            "label": "Type",
            "type": "select",
            "options": {
                "reCAPTCHA v3": "v3",
                "reCAPTCHA v2": {
                    "\"I'm not a robot\" Checkbox": "v2-checkbox",
                    "Invisible reCAPTCHA badge": "v2-invisible"
                }
            }
        },
        "control_action": {
            "label": "Action",
            "description": "The action name for the captcha request. May only contain alphanumeric characters and slashes.",
            "show": "control_type === 'v3'"
        },
        "control_theme": {
            "label": "Theme",
            "type": "select",
            "description": "The color theme of the widget.",
            "options": {
                "Light": "light",
                "Dark": "dark"
            },
            "show": "control_type !== 'v3'"
        },
        "control_badge_position": {
            "label": "Position",
            "type": "select",
            "description": "Reposition the reCAPTCHA badge. 'inline' lets you position it with CSS.",
            "options": {
                "Bottom Right": "bottomright",
                "Bottom Left": "bottomleft",
                "Inline": "inline"
            },
            "show": "control_type === 'v2-invisible'"
        },
        "control_size": {
            "label": "Size",
            "type": "select",
            "description": "The size of the widget.",
            "options": {
                "Normal": "normal",
                "Compact": "compact"
            },
            "show": "control_type === 'v2-checkbox'"
        },
        "control_lang": {
            "label": "Language",
            "source": true,
            "description": "The <a href=\"https://cloud.google.com/recaptcha/docs/language\" target=\"_blank\">language code</a> of the Widget. Defaults to the system locale.",
            "show": "control_type === 'v2-checkbox'"
        },
        "control_site_key": {
            "label": "Site Key",
            "type": "text"
        },
        "control_secret_key": {
            "label": "Secret Key",
            "type": "text"
        },
        "control_label": {
            "label": "${yooessentials.form.fields.control_label.label}",
            "description": "${yooessentials.form.fields.control_label.description}",
            "show": "control_type === 'v2-checkbox' || control_type === 'v2-invisible'",
            "enable": "control_type === 'v2-checkbox' || control_badge_position === 'inline'"
        },
        "control_threshold": {
            "label": "Score Threshold",
            "description": "reCAPTCHA v3 scores run from 0.0 (bot) to 1.0 (human). This is the threshold <b>below</b> which consider the submitter a bot.",
            "show": "control_type === 'v3'"
        },
        "control_error_message": "${yooessentials.form.fields.control_error_message}",
        "position": "${builder.position}",
        "position_left": "${builder.position_left}",
        "position_right": "${builder.position_right}",
        "position_top": "${builder.position_top}",
        "position_bottom": "${builder.position_bottom}",
        "position_z_index": "${builder.position_z_index}",
        "margin": "${builder.margin}",
        "margin_remove_top": "${builder.margin_remove_top}",
        "margin_remove_bottom": "${builder.margin_remove_bottom}",
        "maxwidth": "${builder.maxwidth}",
        "maxwidth_breakpoint": "${builder.maxwidth_breakpoint}",
        "block_align": "${builder.block_align}",
        "block_align_breakpoint": "${builder.block_align_breakpoint}",
        "block_align_fallback": "${builder.block_align_fallback}",
        "text_align": "${builder.text_align}",
        "text_align_breakpoint": "${builder.text_align_breakpoint}",
        "text_align_fallback": "${builder.text_align_fallback}",
        "animation": "${builder.animation}",
        "_parallax_button": "${builder._parallax_button}",
        "visibility": "${builder.visibility}",
        "name": "${builder.name}",
        "status": "${builder.status}",
        "id": "${builder.id}",
        "class": "${builder.cls}",
        "attributes": "${builder.attrs}",
        "source": "${builder.source}",
        "css": {
            "label": "CSS",
            "description": "Enter your own custom CSS. The following selectors will be prefixed automatically for this element: <code>.el-element</code>, <code>.el-link</code>",
            "type": "editor",
            "editor": "code",
            "mode": "css",
            "attrs": {
                "debounce": 500
            }
        }
    },
    "fieldset": {
        "default": {
            "type": "tabs",
            "fields": [
                {
                    "title": "Content",
                    "fields": [
                        "control_type",
                        {
                            "description": "Set the keys obtained from <a href=\"https://www.google.com/recaptcha/admin\" target=\"_blank\">reCAPTCHA Dashboard</a>.",
                            "name": "_recaptcha_keys",
                            "type": "grid",
                            "width": "1-2",
                            "fields": ["control_site_key", "control_secret_key"]
                        },
                        "control_badge_position",
                        "control_label",
                        "control_theme",
                        "control_size",
                        "control_lang",
                        "control_threshold",
                        "control_action",
                        "control_error_message"
                    ]
                },
                {
                    "title": "Settings",
                    "fields": [
                        {
                            "label": "General",
                            "type": "group",
                            "fields": [
                                "position",
                                "position_left",
                                "position_right",
                                "position_top",
                                "position_bottom",
                                "position_z_index",
                                "margin",
                                "margin_remove_top",
                                "margin_remove_bottom",
                                "maxwidth",
                                "maxwidth_breakpoint",
                                "block_align",
                                "block_align_breakpoint",
                                "block_align_fallback",
                                "text_align",
                                "text_align_breakpoint",
                                "text_align_fallback",
                                "animation",
                                "_parallax_button",
                                "visibility"
                            ]
                        }
                    ]
                },
                "${builder.advanced}"
            ]
        }
    }
}
