{
    "name": "yooessentials_form_button",
    "title": "Form Button",
    "group": "Form Essentials",
    "icon": "${url:~yooessentials_url/modules/form-elements/form_button/icon.svg}",
    "iconSmall": "${url:~yooessentials_url/modules/form-elements/form_button/icon.svg}",
    "element": true,
    "container": true,
    "width": 500,
    "defaults": {
        "grid_column_gap": "small",
        "grid_row_gap": "small",
        "margin": "default"
    },
    "placeholder": {
        "children": [{ "type": "yooessentials_form_button_item", "props": {} }]
    },
    "templates": {
        "render": "./templates/template.php"
    },
    "fields": {
        "content": {
            "label": "Buttons",
            "type": "yooessentials-content-items",
            "button": "Add Button",
            "title": "content",
            "icon": true,
            "modalTitle": "Buttons",
            "filter": {
                "name": "yooessentials_form_button_(.*)"
            }
        },
        "button_size": {
            "label": "Size",
            "type": "select",
            "options": {
                "Small": "small",
                "Default": "",
                "Large": "large"
            }
        },
        "fullwidth": {
            "type": "checkbox",
            "text": "Full width button"
        },
        "grid_column_gap": {
            "label": "Column Gap",
            "description": "Set the size of the column gap between multiple buttons.",
            "type": "select",
            "options": {
                "Small": "small",
                "Medium": "medium",
                "Default": "",
                "Large": "large"
            }
        },
        "grid_row_gap": {
            "label": "Row Gap",
            "description": "Set the size of the row gap between multiple buttons.",
            "type": "select",
            "options": {
                "Small": "small",
                "Medium": "medium",
                "Default": "",
                "Large": "large"
            }
        },
        "position": "${builder.position}",
        "position_left": "${builder.position_left}",
        "position_right": "${builder.position_right}",
        "position_top": "${builder.position_top}",
        "position_bottom": "${builder.position_bottom}",
        "position_z_index": "${builder.position_z_index}",
        "margin": "${builder.margin}",
        "margin_remove_top": "${builder.margin_remove_top}",
        "margin_remove_bottom": "${builder.margin_remove_bottom}",
        "maxwidth": "${builder.maxwidth}",
        "maxwidth_breakpoint": "${builder.maxwidth_breakpoint}",
        "block_align": "${builder.block_align}",
        "block_align_breakpoint": "${builder.block_align_breakpoint}",
        "block_align_fallback": "${builder.block_align_fallback}",
        "text_align": "${builder.text_align}",
        "text_align_breakpoint": "${builder.text_align_breakpoint}",
        "text_align_fallback": "${builder.text_align_fallback}",
        "animation": "${builder.animation}",
        "_parallax_button": "${builder._parallax_button}",
        "visibility": "${builder.visibility}",
        "name": "${builder.name}",
        "status": "${builder.status}",
        "source": "${builder.source}",
        "id": "${builder.id}",
        "class": "${builder.cls}",
        "attributes": "${builder.attrs}",
        "css": {
            "label": "CSS",
            "description": "Enter your own custom CSS. The following selectors will be prefixed automatically for this element: <code>.el-element</code>, <code>.el-item</code>, <code>.el-content</code>",
            "type": "editor",
            "editor": "code",
            "mode": "css",
            "attrs": {
                "debounce": 500
            }
        },
        "transform": "${builder.transform}"
    },
    "fieldset": {
        "default": {
            "type": "tabs",
            "fields": [
                {
                    "title": "Content",
                    "fields": ["content"]
                },
                {
                    "title": "Settings",
                    "fields": [
                        {
                            "label": "Button",
                            "type": "group",
                            "divider": true,
                            "fields": ["button_size", "fullwidth", "grid_column_gap", "grid_row_gap"]
                        },
                        {
                            "label": "General",
                            "type": "group",
                            "fields": [
                                "position",
                                "position_left",
                                "position_right",
                                "position_top",
                                "position_bottom",
                                "position_z_index",
                                "margin",
                                "margin_remove_top",
                                "margin_remove_bottom",
                                "maxwidth",
                                "maxwidth_breakpoint",
                                "block_align",
                                "block_align_breakpoint",
                                "block_align_fallback",
                                "text_align",
                                "text_align_breakpoint",
                                "text_align_fallback",
                                "animation",
                                "_parallax_button",
                                "visibility"
                            ]
                        }
                    ]
                },
                "${builder.advanced}"
            ]
        }
    }
}
